epoch,step,test_acc,val_acc
0,0,,0.930899977684021
0,0,0.8895999789237976,
